{"dataset": "GunPoint", "epoch": 100, "batch": 50, "similarity_rate": 0.001, "filters": [64, 32, 16], "kernel_sizes": [5, 5, 5], "ed_only": false, "loss_history": ["25.096903"], "similarity_history": ["123.017395"], "reconstruction_history": ["24.99888"], "model": "two_encoder", "recon": 0.9291790932887155, "mse": 6.221674942149129, "mae": 48.15480520279867, "common_nn": 0.4, "common_nn_kmeans": 3.4133333333333336, "rand_index": 1.0}